image,hashtags,comments,caption,user,filter,time,likes
https://scontent.cdninstagram.com/t51.2885-15/s640x640/sh0.08/e35/17268087_284389598658066_3346531142860800000_n.jpg,#travelphotography #like4like #bridge #l4l,0, #travel #travelphotography #travelgram #gopro #goprohero #picoftheday #nature #mountain #landscape #bridge #actioncam #like4like #l4l,@sara_lvt,Filter Ludwig,6 seconds ago,0
https://scontent.cdninstagram.com/t51.2885-15/s640x640/sh0.08/e35/17333714_413003305700182_8294828651812225024_n.jpg,#destinationearth #travelawesome #canonitalia,1,Una rosa per tutti i Ribelli  #dettagliatamente_il_dettaglio_ci_dettaglia__ #nature,@occhio_nero,Filter Normal,2 minutes ago,2
https://scontent.cdninstagram.com/t51.2885-15/sh0.08/e35/p640x640/17125523_1696610920631369_8722669946397523968_n.jpg,#mojarec #nature #mr #rollitup,0,A vencila som sa aj ja  #mojarec #mr #rollitup #nature,@sibylka_gi,Filter Reyes,1 minute ago,0
https://scontent.cdninstagram.com/t51.2885-15/sh0.08/e35/p640x640/17266232_1067100116729826_3394236942345306112_n.jpg,#earth #traveling #adventure #explore #traveller,0,Fantastic photo by @saltywings  #nature #life #explore #exploring #travel #traveling #traveller #earth #earthpix #adventure #live #living #epic #outdoors #wilderness #wanderlust #beautiful #picoftheday #photooftheday #instadaily #CleanCaptures #visualarchitects #adventureglobal #amazing #sunset #skyporn #beach #perfect #sky #aqua,@adventureglobal,Filter Normal,3 seconds ago,0
https://scontent.cdninstagram.com/t51.2885-15/sh0.08/e35/p640x640/17265796_261100971002247_1190257389023002624_n.jpg,#voorjaarsbloemen #flowers #correzzana #nature,0,#flowers #nature #blossom #pink #voorjaarsbloemen #correzzana #nofilter I love the little details....,@annevis65,Filter Normal,3 seconds ago,0
https://scontent.cdninstagram.com/t51.2885-15/e35/p320x320/17333377_1657627781199949_1441792303332065280_n.jpg,#followme #beauty #sky #loveit #follow4follow,0,@sport_is_life29 @you_like_fashion @tumblr_gallery04 @shatsk345 #world#nature#water#travel#follow4follow#sky#beauty#followme#like#comment#loveit,@beautiful_world003,Filter Normal,6 seconds ago,0
https://scontent.cdninstagram.com/t51.2885-15/s640x640/sh0.08/e35/16908877_1252678008100644_8341452351466373120_n.jpg,#explore #picoftheday #iguk #photosofbritain,0,"""Privileged to have come across this scene up on Exmoor recently."" By Linda Thompson @devonlinda #loveexmoor #Exmoor #Exmoor4all #SouthWestEngland #country #countryside #nature #natural #pretty #beautiful #travel #explore #picoftheday #potd #iguk #england #brilliantbritain #photosofbritain #westcountry #visitexmoor #lovegreatbritain #visitbritain #swisbest",@exmoor4all,Filter Normal,8 seconds ago,0
https://scontent.cdninstagram.com/t51.2885-15/sh0.08/e35/p640x640/17126692_1298763660201184_7245619135546130432_n.jpg,#instagram #march #instafollow #picoftheday,1,Colors of life! ,@36shooter,Filter Normal,11 seconds ago,0
https://scontent.cdninstagram.com/t51.2885-15/sh0.08/e35/p640x640/17267499_243135186094683_8138179473561354240_n.jpg,#smile #spring #sunnyday #grilltime #justhavefun,0,"Nes tikrai, diena nuostabi! Saule, lauzas, gera nuotaika, tyla, pauksciai, vovere mus stebinti nuo azuolo ir tiesiog - geriausias laikas kartu! Seima pramogauja!!!  #sunnyday #grilltime #smile #lifebyjayzily #familytimebykalinas #spring #justhavefun #beer #nature https://youtu.be/JvX2NT62fgU",@jayzily93,Filter Slumber,6 seconds ago,0
https://scontent.cdninstagram.com/t51.2885-15/s640x640/sh0.08/e35/17333691_1839325222974714_7079516747161665536_n.jpg,#naturephotography #nofilter #yellowflowers,0,#forzicija #hercegovina #nature #naturephotography #fowers #yellowflowers #nofilter #beautifulday,@suzanasuee,Filter Normal,6 seconds ago,0
https://scontent.cdninstagram.com/t51.2885-15/s640x640/sh0.08/e35/17334215_1859651110971189_5272820676581916672_n.jpg,#indianphotography #instagram #naturelove,0,. . #travel #travellers #nature #naturelove #naturephotography #travelphotography #roads #love #like4like #follow4follow #follow4like #like4follow #regramindia #indianphotography #photographers #photographersofindia #instashot #instagram #INDIA_CLICKS #colourfulworldpictures #worldbestgram #storiesofindia #_soi #ig_india #indiapictures #indiaphotosociety #indiainblack #indiantravelsquad,@tushar_1608,Filter Normal,5 seconds ago,0
https://scontent.cdninstagram.com/t51.2885-15/s640x640/sh0.08/e35/17125655_1798968423763128_1082836378594574336_n.jpg,#osmozetrip2017 #nature #thailand,0,#thailand #osmozetrip2017 #nature,@osmozetheone,Filter Normal,8 seconds ago,0
https://scontent.cdninstagram.com/t51.2885-15/s640x640/sh0.08/e35/17265451_1807629406167621_2837762970677673984_n.jpg,#beautiful #word #swiss #vscophoto #foto #swon #,0,#swon #lake #gn #switzerland #swiss ###word #beautiful #vscophoto#my #travel #goodday #foto#nature,@lina_petrovna,Filter Normal,5 minutes ago,0
https://scontent.cdninstagram.com/t51.2885-15/s640x640/sh0.08/e35/17266078_398392687204046_8293606012062007296_n.jpg,#thefrontbottoms #naturetheme #pinkgrunge,0,I look ato sleepy #neckdeep #thefrontbottoms #grungeteen #grungetheme #grungestyle #gothic #nature #natureaddict #naturephotography #natureaesthetic #tree #waahingtontree #treeaesthetic #naturetheme #coffee #latte #blackclothes #hottopic #gothic #poppunk #punkstyle #pastel #crybaby #kawaii #crystals #pinkgrunge #spring #positivity #pinkaesthetic,@_.berrieflowers._,Filter Clarendon,8 seconds ago,0
https://scontent.cdninstagram.com/t51.2885-15/s640x640/sh0.08/e35/17127255_404037686625019_6863641473137508352_n.jpg,#nature_perfection #delhigram #instagram,0,#minimalist #minimal #minimalism #minimalove #seagreen6 #photo #photography #delhi #delhidiaries #delhigram #photographer #naturelovers #nature#naturephotography #naturelover#nature_perfection #nature_brilliance #insta #instagram #instagrammers #picoftheday #photooftheday #macro #macros #macrophotography #macro_holic #macro_x,@seagreen6,Filter Helena,9 seconds ago,0
https://scontent.cdninstagram.com/t51.2885-15/s640x640/sh0.08/e35/17333024_1278874595562214_4834158297793691648_n.jpg,#quirky #stippling #drawing #watercolour #display,1,I'm a member at @thegreenmangallery now  This is my display so far and I'll be hanging lots more shortly!,@charlieanneart,Filter Normal,1 minute ago,1
